Symbol,#N/A
AMZN,
AMZN,
AMZN,
AMZN,
AMZN,
AMZN,
AMZN,
AMZN,
AMZN,
AMZN,
AMZN,
AMZN,
AMZN,
AMZN,
AMZN,
AMZN,
AMZN,
AMZN,
AMZN,
AMZN,
AMZN,
AMZN,
AMZN,
AMZN,
AMZN,
AMZN,
AMZN,
AMZN,
AMZN,
AMZN,
AMZN,
AMZN,
AMZN,
AMZN,
AMZN,
AMZN,
AMZN,
AMZN,
AMZN,
AMZN,
AMZN,
AMZN,
AMZN,
AMZN,
AMZN,
AMZN,
AMZN,
AMZN,
AMZN,
AMZN,
AMZN,
AMZN,
AMZN,
AMZN,
AMZN,
AMZN,
AMZN,
AMZN,
AMZN,
AMZN,
AMZN,
AMZN,
AMZN,
AMZN,
AMZN,
AMZN,
AMZN,
AMZN,
AMZN,
AMZN,
AMZN,
AMZN,
AMZN,
AMZN,
AMZN,
AMZN,
AMZN,
AMZN,
AMZN,
AMZN,
AMZN,
AMZN,
AMZN,
AMZN,
AMZN,
AMZN,
AMZN,
AMZN,
AMZN,
AMZN,
AMZN,
AMZN,
AMZN,
AMZN,
AMZN,
AMZN,
AMZN,
AMZN,
AMZN,
AMZN,
AMZN,
AMZN,
AMZN,
AMZN,
AMZN,
AMZN,
AMZN,
AMZN,
AMZN,
AMZN,
AMZN,
AMZN,
AMZN,
AMZN,
AMZN,
AMZN,
AMZN,
AMZN,
AMZN,
AMZN,
AMZN,
AMZN,
AMZN,
AMZN,
AMZN,
AMZN,
AMZN,
AMZN,
AMZN,
AMZN,
AMZN,
AMZN,
AMZN,
AMZN,
AMZN,
AMZN,
AMZN,
AMZN,
AMZN,
AMZN,
AMZN,
AMZN,
AMZN,
AMZN,
AMZN,
AMZN,
AMZN,
AMZN,
AMZN,
AMZN,
AMZN,
AMZN,
AMZN,
AMZN,
AMZN,
AMZN,
AMZN,
AMZN,
AMZN,
AMZN,
AMZN,
AMZN,
AMZN,
AMZN,
AMZN,
AMZN,
AMZN,
AMZN,
AMZN,
AMZN,
AMZN,
AMZN,
AMZN,
AMZN,
AMZN,
AMZN,
AMZN,
AMZN,
AMZN,
AMZN,
AMZN,
AMZN,
AMZN,
AMZN,
AMZN,
AMZN,
AMZN,
AMZN,
AMZN,
AMZN,
AMZN,
AMZN,
AMZN,
AMZN,
AMZN,
AMZN,
AMZN,
AMZN,
AMZN,
AMZN,
AMZN,
AMZN,
AMZN,
AMZN,
AMZN,
AMZN,
AMZN,
AMZN,
AMZN,
AMZN,
AMZN,
AMZN,
AMZN,
AMZN,
AMZN,
AMZN,
AMZN,
AMZN,
AMZN,
AMZN,
AMZN,
AMZN,
AMZN,
AMZN,
AMZN,
AMZN,
AMZN,
AMZN,
AMZN,
AMZN,
AMZN,
AMZN,
AMZN,
AMZN,
AMZN,
AMZN,
AMZN,
AMZN,
AMZN,
AMZN,
AMZN,
AMZN,
AMZN,
AMZN,
AMZN,
AMZN,
AMZN,
AMZN,
AMZN,
AMZN,
AMZN,